sid,dc,dd
2001,A040,"Enteropathogenic Escherichia coli infection"
2001,J459,"ASTHMA, UNSPECIFIED"
2002,I10,"Hypertension  "
2002,J441,"Other chronic obstructive pulmonary disease"
2003,F411,"NULL"
2003,N180,"End stage renal disease"
2004,E119,"Type 2 diabetes mellitus"
2004,A090,"  other gastroenteritis and colitis of infectious origin"
2005,J441,"Other chronic obstructive pulmonary disease"
2005,F419,"Anxiety, unspecified  "
2006,E119,"TYPE 2 DIABETES MELLITUS"
2006,I10,"  hypertension"
2007,N180,"NULL"
2007,J459,"Asthma, unspecified"
2008,F411,"Anxiety"
2008,A090,"Other gastroenteritis and colitis of infectious origin  "
2009,I10,"Hypertension"
2009,J441,"OTHER CHRONIC OBSTRUCTIVE PULMONARY DISEASE"
2010,N180,"NULL"
2010,E119,"type 2 diabetes mellitus"
2011,J459,"Asthma, unspecified  "
2011,F411,"anxiety"
2012,I10,"Hypertension"
2012,A090,"  other gastroenteritis and colitis of infectious origin"
2013,N180,"End stage renal disease"
2013,J441,"NULL"
2014,E119,"TYPE 2 DIABETES MELLITUS"
2014,I10,"hypertension  "
2015,J441,"Other chronic obstructive pulmonary disease"
2015,F419,"Anxiety, unspecified"
2016,A090,"NULL"
2016,N180,"End stage renal disease  "
2017,I10,"Hypertension"
2017,J459,"  asthma, unspecified"
2018,E119,"Type 2 diabetes mellitus"
2018,F411,"NULL"
2019,N180,"End stage renal disease"
2019,J441,"other chronic obstructive pulmonary disease  "
2020,I10,"Hypertension"
2020,A090,"  OTHER GASTROENTERITIS AND COLITIS OF INFECTIOUS ORIGIN"
2021,J459,"Asthma, unspecified"
2021,E119,"Type 2 diabetes mellitus"
2022,F411,"anxiety  "
2022,N180,"NULL"
2023,I10,"Hypertension"
2023,J441,"Other chronic obstructive pulmonary disease"
2024,A090,"Other gastroenteritis and colitis of infectious origin"
2024,E119,"TYPE 2 DIABETES MELLITUS  "
2025,N180,"End stage renal disease"
2025,F419,"NULL"
2026,J441,"Other chronic obstructive pulmonary disease"
2026,I10,"Hypertension"