sid,pc,pd
2001,B081," TOTAL THYROIDECTOMY "
2001,G451,"Diagnostic Endoscopic Examination Of Upper Gastrointestinal Tract And Biopsy"
2002,T202,"Repair of inguinal hernia, prosthetic "
2002,M451,"NULL"
2003,T723,"Release of trigger finger"
2003,R249,"NORMAL DELIVERY"
2004,T302,"exploratory laparotomy"
2004,W332,"REMOVAL OF ORTHOPAEDIC DEVICE"
2005,S421,"Suture of wound"
2005,Y738,"NULL"
2006,B081,"Total thyroidectomy"
2006,T203,"Repair of inguinal hernia using sutures"
2007,M762,"Endoscopic dilation of urethra"
2007,T622,"NULL"
2008,R182,"Lower uterine segment caesarean delivery NEC"
2008,H221,"diagnostic fibreoptic endoscopic examination of colon and biopsy"
2009,T810,"Hemorrhage complicating a procedure"
2009,W540,"NULL"
2010,Y832," Surgical operation with anastomosis, bypass or graft "
2011,B081,"TOTAL THYROIDECTOMY"
2011,G763,"Open relief of obstruction of ileum"
2012,T723,"Release of trigger finger "
2012,M762,"Endoscopic Dilation Of Urethra"
2013,R249,"Normal Delivery"
2013,H221,"NULL"
2014,W332,"Removal of orthopaedic device"
2014,T202," REPAIR OF INGUINAL HERNIA, PROSTHETIC"
2015,Y739,"Unspecified facilitating operations"
2015,B081,"total thyroidectomy "
2016,T201,"Primary repair of inguinal hernia using insert of natural material"
2016,M451,"ENDOSCOPIC EXAMINATION OF BLADDER AND BIOPSY"
2017,T962,"Excision of lesion of soft tissue"
2017,R182,"NULL"
2018,H221,"Diagnostic fibreoptic endoscopic examination of colon and biopsy"
2018,Y832,"Surgical operation with anastomosis, bypass or graft"
2019,S421,"suture of wound"
2019,Y832," Surgical operation with anastomosis, bypass or graft "
2020,B081,"Total thyroidectomy"
2020,G763,"open relief of obstruction of ileum"
2021,T723,"NULL"
2021,M762,"ENDOSCOPIC DILATION OF URETHRA"
2022,R249,"NORMAL DELIVERY"
2022,H221,"Diagnostic Fibreoptic Endoscopic Examination Of Colon and Biopsy"
2023,W332,"REMOVAL OF ORTHOPAEDIC DEVICE"
2023,T202," Repair of inguinal hernia, prosthetic"
2024,Y739,"Unspecified facilitating operations"
2024,B081,"Total thyroidectomy"
2025,T201,"NULL"
2025,M451,"Endoscopic examination of bladder and biopsy"
2026,T962,"Excision of lesion of soft tissue "
2026,R182,"Lower uterine segment caesarean delivery"
2027,H221,"Diagnostic fibreoptic endoscopic examination of colon and biopsy"
2027,Y832,"NULL"
2028,S421,"suture of wound"
2028,Y832,"Surgical operation with anastomosis, bypass or graft"
2029,B081," TOTAL THYROIDECTOMY "
2029,G763,"OPEN RELIEF OF OBSTRUCTION OF ILEUM"